crime_type,intercept,slope,p_value,r_squared
ASSAULT,-21944.243094784608,11.287774346335969,0.1406885935807531,0.2504608271144499
BIKETHEFT,1710.3609483258213,-0.8260327973812388,0.10809736915763377,0.29024977738126484
BREAKENTER,7014.312866115805,-3.3762065537097987,0.3173873626296184,0.12444842624195727
HOMICIDE,32.847941641005136,-0.014365788739205822,0.9100490698063535,0.0016966357849269814
ROBBERY,20780.42779823353,-10.22654928107236,0.0010919066081636088,0.75542327117561
SHOOTING,-542.7328297164632,0.28227524583382485,0.6703860914449291,0.0238091909499945
THEFTFROMMV,-19308.551156054098,9.71111132746716,0.0077238407316063094,0.6091078314247353
THEFTOVER,-4729.898416538807,2.362174254000867,0.006466785022269983,0.6251874973840379
